﻿<?xml version="1.0" encoding="UTF-8"?>
<manifest xmlns="http://www.imsproject.org/xsd/imscp_rootv1p1p2" xmlns:imsmd="http://www.imsglobal.org/xsd/imsmd_rootv1p2p1" xmlns:xsi="http://www.w3.org/2001/XMLSchema-instance" xmlns:adlcp="http://www.adlnet.org/xsd/adlcp_rootv1p2" identifier="MANIFEST-92235E1CE552ACB1EA063C13C47CC0F7" xsi:schemaLocation="http://www.imsproject.org/xsd/imscp_rootv1p1p2 imscp_rootv1p1p2.xsd http://www.imsglobal.org/xsd/imsmd_rootv1p2p1 imsmd_rootv1p2p1.xsd http://www.adlnet.org/xsd/adlcp_rootv1p2 adlcp_rootv1p2.xsd">
  <organizations default="ORG-AF99BB2D6BFBCAAEE16664129FF24332">
    <organization identifier="ORG-AF99BB2D6BFBCAAEE16664129FF24332" structure="hierarchical">
      <title>课程</title>
      <item identifier="ITEM" isvisible="true" identifierref="RES">
        <title>课程</title>
      </item>
      <metadata>
        <schema>ADL SCORM</schema>
        <schemaversion>1.2</schemaversion>
      </metadata>
    </organization>
  </organizations>
  <resources>
    <resource identifier="RES" type="webcontent" href="content/index.html" adlcp:scormtype="sco">
      <file href="content/index.html" />
    </resource>
  </resources>
</manifest>

